y	x	group	xmin	xmax	ymin	ymax
0.0731707317073171	0.0454545454545455	17	0.0454545454545455	0.0454545454545455	0.0182926829268293	0.128048780487805
0.195121951219512	0.270909090909091	52	0.0454545454545455	0.270909090909091	0.140243902439024	0.25
0.317073170731707	0.0575757575757576	87	0.0454545454545455	0.0575757575757576	0.26219512195122	0.371951219512195
0.439024390243902	0.06	122	0.0454545454545455	0.06	0.384146341463415	0.49390243902439
0.560975609756098	0.0454545454545455	157	0.0454545454545455	0.0454545454545455	0.50609756097561	0.615853658536585
0.682926829268293	0.331515151515152	192	0.0454545454545455	0.331515151515152	0.628048780487805	0.73780487804878
0.804878048780488	0.207878787878788	227	0.0454545454545455	0.207878787878788	0.75	0.859756097560976
0.926829268292683	0.636969696969697	262	0.0454545454545455	0.636969696969697	0.871951219512195	0.981707317073171
