y	x	group	xmin	xmax	ymin	ymax
0.0731707317073171	0.0648484848484848	31	0.0454545454545455	0.0648484848484848	0.0182926829268293	0.128048780487805
0.195121951219512	0.06	66	0.0454545454545455	0.06	0.140243902439024	0.25
0.317073170731707	0.0454545454545455	101	0.0454545454545455	0.0454545454545455	0.26219512195122	0.371951219512195
0.439024390243902	0.0478787878787879	136	0.0454545454545455	0.0478787878787879	0.384146341463415	0.49390243902439
0.560975609756098	0.0454545454545455	171	0.0454545454545455	0.0454545454545455	0.50609756097561	0.615853658536585
0.682926829268293	0.110909090909091	206	0.0454545454545455	0.110909090909091	0.628048780487805	0.73780487804878
0.804878048780488	0.076969696969697	241	0.0454545454545455	0.076969696969697	0.75	0.859756097560976
0.926829268292683	0.13030303030303	276	0.0454545454545455	0.13030303030303	0.871951219512195	0.981707317073171
