y	x	group	xmin	xmax	ymin	ymax
0.0731707317073171	0.101212121212121	18	0.0454545454545455	0.101212121212121	0.0182926829268293	0.128048780487805
0.195121951219512	0.113333333333333	53	0.0454545454545455	0.113333333333333	0.140243902439024	0.25
0.317073170731707	0.0454545454545455	88	0.0454545454545455	0.0454545454545455	0.26219512195122	0.371951219512195
0.439024390243902	0.106060606060606	123	0.0454545454545455	0.106060606060606	0.384146341463415	0.49390243902439
0.560975609756098	0.0454545454545455	158	0.0454545454545455	0.0454545454545455	0.50609756097561	0.615853658536585
0.682926829268293	0.152121212121212	193	0.0454545454545455	0.152121212121212	0.628048780487805	0.73780487804878
0.804878048780488	0.375151515151515	228	0.0454545454545455	0.375151515151515	0.75	0.859756097560976
0.926829268292683	0.353333333333333	263	0.0454545454545455	0.353333333333333	0.871951219512195	0.981707317073171
