y	x	group	xmin	xmax	ymin	ymax
0.0731707317073171	0.0454545454545455	13	0.0454545454545455	0.0454545454545455	0.0182926829268293	0.128048780487805
0.195121951219512	0.152121212121212	48	0.0454545454545455	0.152121212121212	0.140243902439024	0.25
0.317073170731707	0.0454545454545455	83	0.0454545454545455	0.0454545454545455	0.26219512195122	0.371951219512195
0.439024390243902	0.0454545454545455	118	0.0454545454545455	0.0454545454545455	0.384146341463415	0.49390243902439
0.560975609756098	0.0454545454545455	153	0.0454545454545455	0.0454545454545455	0.50609756097561	0.615853658536585
0.682926829268293	0.0478787878787879	188	0.0454545454545455	0.0478787878787879	0.628048780487805	0.73780487804878
0.804878048780488	0.0890909090909091	223	0.0454545454545455	0.0890909090909091	0.75	0.859756097560976
0.926829268292683	0.675757575757576	258	0.0454545454545455	0.675757575757576	0.871951219512195	0.981707317073171
